000	aadhaar.zerodha.com	?	
000	acoptest.zerodha.net	?	
000	4.zerodha.com	?	
000	careersadmin.zerodha.net	?	
000	bitwarden.zerodha.net	?	
000	analytics.zerodha.net	?	
000	bo2.zerodha.com	?	
000	cashier.zerodha.net	?	
000	cmruat.zerodha.net	?	
000	coinstatic.zerodha.com	?	
000	common.zerodha.com	?	
000	console.zerodha.net	?	
200	chat.zerodha.net	cloudflare	
301	account.zerodha.com	cloudflare	http://account.zerodha.com/account
301	bugbounty.zerodha.com	cloudflare	https://cyber.comolho.com:443/programs/bug-bounty/zerodha-broking-limited/150/
000	crmtest.zerodha.net	?	
404	cashier.zerodha.com	cloudflare	
000	crux-airflow.dev.zerodha.net	?	
000	cruxdb.dev.zerodha.net	?	
200	careers.zerodha.com	cloudflare	
000	crm.dev.zerodha.net	?	
000	crux.dev.zerodha.net	?	
405	coin.zerodha.com	cloudflare	
403	cmr.zerodha.net	cloudflare	
000	crux2.dev.zerodha.net	?	
405	console.zerodha.com	cloudflare	
000	dr.zerodha.com	?	
302	crm.zerodha.net	cloudflare	/?redirect_url=%2F
103	aftermarketreport.zerodha.com	cloudflare	
000	fundseeder.zerodha.com	?	
404	cruxmailweb.zerodha.net	cloudflare	
302	discuss.zerodha.com	cloudflare	https://tradingqna.com/c/zerodha
200	fd.zerodha.com	cloudflare	
000	helpdesk.zerodha.com	?	
000	help.streak.zerodha.com	?	
301	feedback.zerodha.com	cloudflare	https://support.zerodha.com
000	ideal.zerodha.com	?	
200	fightstocktips.zerodha.com	cloudflare	
000	intranet.dev.zerodha.net	?	
404	digilocker.zerodha.com	cloudflare	
429	idfc.zerodha.com	cloudflare	
000	int.zerodha.net	?	
000	kite3.zerodha.com	?	
302	inside.zerodha.net	cloudflare	/?redirect_url=%2F
000	ganymede.zerodha.net	?	
000	int.zerodhacapital.com	?	
302	intranet.zerodha.net	cloudflare	/?redirect_url=%2F
000	kitecharts3.zerodha.com	?	
429	kite-beta.zerodha.com	cloudflare	
429	kite-demo.zerodha.com	cloudflare	
000	innercircle.zerodha.com	?	
503	kitecharts.zerodha.com	cloudflare	
000	kitedata.zerodha.com	?	
429	kitestatic.zerodha.com	cloudflare	
429	kite-uat-api.zerodha.com	cloudflare	
429	kite.zerodha.com	cloudflare	
000	ipo.dev.zerodha.net	?	
000	listnew.zerodha.net	?	
530	listmonk-newsletter.zerodha.net	cloudflare	
000	kitestatic-keycdn.zerodha.com	?	
000	kiteadmin.zerodha.net	?	
000	mailtrain.zerodha.net	?	
429	listmonk.zerodha.com	cloudflare	
405	loans.zerodhacapital.com	cloudflare	
000	mail.zerodha.com	?	
530	matomo.zerodha.net	cloudflare	
000	mail.zerodhacapital.com	?	
000	dev.zerodha.net	?	
302	mautic.zerodha.net	cloudflare	/?redirect_url=%2F
301	mf.zerodha.com	cloudflare	https://coin.zerodha.com/
301	listmonk.zerodha.net	cloudflare	https://listmonk.zerodha.com:443/
000	kite.zerodha.net	?	
429	m.zerodha.com	cloudflare	
000	alertsmailer.zerodha.net	?	
000	bo.zerodha.com	?	
000	newcrm.zerodha.net	?	
000	cruxmail.zerodha.net	?	
000	_dc-mx.9d2b4c4c0a2d.zerodha.net	?	
000	mailer.zerodha.com	?	
000	mail.zerodha.net	?	
200	notary.zerodha.com	cloudflare	
000	mx.alertsmailer.zerodha.net	?	
000	mx.cruxmail.zerodha.net	?	
000	mx.newslettermailer.zerodha.net	?	
429	nri.zerodha.com	cloudflare	
000	mx.newsletter.zerodha.net	?	
403	osticket.zerodha.net	cloudflare	
429	otp.zerodha.com	cloudflare	
000	mx.reportsmailer.zerodha.net	?	
000	postalmailer.zerodha.net	?	
429	partner.zerodha.com	cloudflare	
530	otp.zerodha.net	cloudflare	
200	pulse.zerodha.com	cloudflare	
000	q.zerodha.com	?	
403	rb.zerodha.com	cloudflare	
000	sendy.zerodha.net	?	
429	reminders.zerodha.com	cloudflare	
302	signup-uat.zerodha.net	cloudflare	/?redirect_url=%2F
000	nestcore0.zerodha.net	?	
429	signup.zerodha.com	cloudflare	
429	staticassets.zerodha.com	cloudflare	
000	static.zerodha.com	?	
429	stockreports.zerodha.com	cloudflare	
301	stocks.zerodha.com	cloudflare	https://zerodha.com/markets/stocks/
000	streakv3.zerodha.com	?	
000	support-test.zerodha.net	?	
200	streak.zerodha.com	?	
429	support.zerodha.com	cloudflare	
302	support.zerodha.net	cloudflare	/?redirect_url=%2F
429	technicals.zerodha.com	cloudflare	
000	testvpn.zerodha.net	?	
000	thebigperspective.zerodha.com	?	
103	thechatter.zerodha.com	cloudflare	
200	thedailybrief.zerodha.com	cloudflare	
403	um.zerodha.com	cloudflare	
000	vinay.zerodha.net	?	
526	vpn.zerodha.net	cloudflare	
404	wa.zerodha.net	kite-dr	
000	websocket-test.zerodha.com	?	
429	ws20.zerodha.com	cloudflare	
000	nestcore1.zerodha.net	?	
000	newslettermailerweb.zerodha.net	?	
429	ws-mobile.zerodha.com	cloudflare	
000	ws-dev.zerodha.net	?	
000	www.bo2.zerodha.com	?	
429	ws.zerodha.com	cloudflare	
000	www.cashier.zerodha.com	?	
000	www.fd.zerodha.com	?	
000	newslettermailer.zerodha.net	?	
000	newsletter.zerodha.com	?	
000	www.nestcore0.zerodha.net	?	
000	www.nestcore1.zerodha.net	?	
000	www.pmla.zerodha.net	?	
000	www.stocks.zerodha.com	?	
000	www.trade.zerodha.com	?	
000	www.ws-mobile.zerodha.com	?	
000	www.mf.zerodha.com	?	
000	www.ws.zerodha.com	?	
000	z5.zerodha.com	?	
000	zaccount.zerodha.com	?	
429	www.zerodha.com	cloudflare	
000	www.z5.zerodha.com	?	
404	zeronet.zerodha.net	cloudflare	
404	zero.zerodha.net	cloudflare	
000	newsletter.zerodha.net	?	
000	www.zerodhacapital.com	?	
000	pmla.zerodha.net	?	
000	postalweb.zerodha.net	?	
000	postal.zerodha.net	?	
000	reportsmailer.zerodha.net	?	
000	signuputils.zerodha.net	?	
000	trade.zerodha.com	?	
